{
  "network_stats": {
    "num_nodes": 30,
    "num_edges": 442,
    "density": 1.0160919540229885,
    "avg_degree": 29.466666666666665,
    "num_triangles": 3896,
    "avg_clustering": 0.9866255923727187
  },
  "num_suspicious_clusters": 2,
  "num_rotation_patterns": 30
}